Name,Date,Number1,Number2,Number3
Row1Field1,Row1Field2,Row1Field3,Row1Field4,Row1Field5
Row2Field1,Row2Field2,Row2Field3,Row2Field4,Row2Field5
Row3Field1,Row3Field2,Row3Field3,Row3Field4,Row3Field5
Row4Field1,Row4Field2,Row4Field3,Row4Field4,Row4Field5
Row5Field1,Row5Field2,Row5Field3,Row5Field4,Row5Field5
Row6Field1,Row6Field2,Row6Field3,Row6Field4,Row6Field5
Row7Field1,Row7Field2,Row7Field3,Row7Field4,Row7Field5
Row8Field1,Row8Field2,Row8Field3,Row8Field4,Row8Field5
Row9Field1,Row9Field2,Row9Field3,Row9Field4,Row9Field5
